,SERV-824
0,SERV-822
1,SERV-812
2,SERV-805
3,SERV-796
4,SERV-795
5,SERV-791
6,SERV-787
7,SERV-771
8,SERV-766
9,SERV-764
10,SERV-762
11,SERV-761
12,SERV-756
13,SERV-753
14,SERV-746
15,SERV-745
16,SERV-740
17,SERV-739
18,SERV-738
19,SERV-734
20,SERV-733
21,SERV-726
22,SERV-723
23,SERV-718
24,SERV-717
25,SERV-716
26,SERV-714
27,SERV-710
28,SERV-699
29,SERV-689
30,SERV-687
31,SERV-681
32,SERV-680
33,SERV-676
34,SERV-670
35,SERV-657
36,SERV-655
37,SERV-650
38,SERV-619
39,SERV-599
40,SERV-590
41,SERV-584
42,SERV-570
43,SERV-569
44,SERV-557
45,SERV-555
46,SERV-553
47,SERV-547
48,SERV-544
49,SERV-541
50,SERV-490
51,SERV-463
52,SERV-415
53,SERV-302
54,SERV-253
55,SERV-200
56,SERV-170
